dce4df8c1a8f4cfa67a079407ceca59993264163,DELETE,regular-file,GUI5_1_002/Dgwater.dfm,337061,
0f270abc63767c67b7677026f92371ad75136a71,DELETE,regular-file,GUI5_1_002/Dlid.dfm,1412817,
5f5a9ff588852d0361713f677aed8b84784a6c7f,DELETE,regular-file,GUI5_1_002/Dlidusage.dfm,1491975,
8e353d9b0166eb1c48d1f00edffb2f857df257b9,DELETE,regular-file,GUI5_1_002/Dxsect.dfm,956245,
722a2643f407bb4aeec3e6ca3fd6c5b1126c51cb,DELETE,regular-file,GUI5_1_002/Epaswmm5.res,514604,
1eeb60bf50de65e01b252aab399954fde6907ac9,DELETE,regular-file,GUI5_1_002/Fmain.dfm,1000472,
8fb5ea8d0e89950935dff05f411ae8e4297060b2,DELETE,regular-file,GUI5_1_002/Fmain.pas,139550,
c439dc78b29be9a2b6294479413bf47ffd15d9a3,DELETE,regular-file,GUI5_1_002/Fmainx.dfm,1000427,
6e48822f78b856e8d4f61169c49c652ba9903899,DELETE,regular-file,GUI5_1_002/Fmainx.pas,139202,
77ca24c3b28d4fa95aca4e360d3d665aca0df1b9,DELETE,regular-file,GUI5_1_002/Fmap.dfm,1120360,
0749ddca94797bea9620c073204d091616ace189,DELETE,regular-file,GUI5_1_002/Fmap.pas,117752,
c66a36b87262fd063de157cd43d6ceb8f86ea2cc,DELETE,regular-file,GUI5_1_002/PLRM2014.res,518124,
1ce6a58e3eda9d44c50d242aaf8f343b2282825d,DELETE,regular-file,GUI5_1_002/PLRMFinalGS/Forms/Dialogs/_PLRMD1LandUseAssignmnt.dfm,165278,
8222304402d8c5e3f97978d3e32f121a2aa452fd,DELETE,regular-file,GUI5_1_002/PLRMFinalGS/Forms/Dialogs/_PLRMD1LandUseAssignmnt2.dfm,167063,
b81a38dee6d443acd76946566a3f198bbcd9400b,DELETE,regular-file,GUI5_1_002/PLRMFinalGS/Forms/Dialogs/_PLRMD2SoilsAssignmnt.dfm,166631,
4b8622cc21c15a2b774d35b31891202abe8eb76f,DELETE,regular-file,GUI5_1_002/PLRMFinalGS/Forms/Dialogs/_PLRMD3CatchProps.dfm,184579,
aaa8d58fea35c2d85c1668d442ba2c1d3c791528,DELETE,regular-file,GUI5_1_002/PLRMFinalGS/Forms/Dialogs/_PLRMD4RoadPollutants.dfm,164119,
ef532829bc9172b526c1591cbf5c87c8b521d5a1,DELETE,regular-file,GUI5_1_002/PLRMFinalGS/Forms/Dialogs/_PLRMD4Schematics.dfm,3558205,
938804a8a53bb6cd21b630cd3f93889f2462815f,DELETE,regular-file,GUI5_1_002/PLRMFinalGS/Forms/Dialogs/_PLRMD5RoadDrainageEditor.dfm,163545,
8c826f60146c14b67895600b2d1d148de39fda94,DELETE,regular-file,GUI5_1_002/PLRMFinalGS/Forms/Dialogs/_PLRMD6About.dfm,1656768,
091c5d9a1b895b97b64ba030bfeab8200fe54888,DELETE,regular-file,GUI5_1_002/PLRMFinalGS/Forms/Dialogs/_PLRMD6ParcelDrainageAndBMPs.dfm,165375,
a410fa3bbfb42d0b5bb42bebd055dc1e4864343d,DELETE,regular-file,GUI5_1_002/PLRMFinalGS/Forms/Dialogs/_PLRMD6aBMPSizing.dfm,172610,
5e44fdd54ad9af2002cce7645688da522633493e,DELETE,regular-file,GUI5_1_002/PLRMFinalGS/Forms/Dialogs/_PLRMD7GISTool.dfm,169537,
16d21c16a046b556402ea919bb9a98b4e508ab05,DELETE,regular-file,GUI5_1_002/PLRMFinalGS/Forms/Dialogs/_PLRMD7bGISStatus.dfm,157198,
2eeee583649a7eed31d6ac2a9b231cf8dba5180e,DELETE,regular-file,GUI5_1_002/PLRMFinalGS/Forms/Dialogs/_PLRMD7bGISTool.dfm,178977,
22c194a1786cbd81efdc0cd59de08e0e0a531d60,DELETE,regular-file,GUI5_1_002/PLRMFinalGS/Forms/_PLRM1ProjNscenManger.dfm,164502,
039e94b7c8fe3516d7861f55bacac8a38b396afc,DELETE,regular-file,GUI5_1_002/PLRMFinalGS/Forms/_PLRM2ProjNscenEditor.dfm,184802,
b0e2b76f4f4b4f88f6ad2fca1d2e12533ff85775,DELETE,regular-file,GUI5_1_002/PLRMFinalGS/Forms/_PLRM3PSCDef.dfm,357510,
a0bd3a4da9ffbeebaa03d00ca861b6d1825874f9,DELETE,regular-file,GUI5_1_002/PLRMFinalGS/Forms/_PLRM4RoadConditions.dfm,354258,
afe23504cc26b4364396e76cdd26a75c7287a549,DELETE,regular-file,GUI5_1_002/PLRMFinalGS/Forms/_PLRM5RoadDrnXtcs.dfm,359828,
b88691640cb3fbb7f1c2be3a6ab536d61b80377f,DELETE,regular-file,GUI5_1_002/PLRMFinalGS/Forms/_PLRM6DrngXtsDetail.dfm,349541,
c4c9c291c42d391382be8669b0f1d7b1a45566b5,DELETE,regular-file,GUI5_1_002/PLRMFinalGS/Forms/_PLRM6DrngXtsDetailBk.dfm,183429,
f56582972dbf9d04ebce426a221b42fcd63de25d,DELETE,regular-file,GUI5_1_002/PLRMFinalGS/Forms/_PLRM7SWTs.dfm,370038,
a0392d74b197fe19f4a2b726d445262cd468d522,DELETE,regular-file,GUI5_1_002/PLRMFinalGS/Forms/_PLRM7SWTsBK.dfm,686003,
5c5bb0b77beafd13e623ee6abad397716ee58e8d,DELETE,regular-file,GUI5_1_002/PLRMFinalGS/Forms/_PLRM7SWTsBK2.dfm,280682,
01e31941e91eade5a0b4636de8b57a186878339d,DELETE,regular-file,GUI5_1_002/PLRMFinalGS/Forms/_PLRM9ScenCompsMulti.dfm,179091,
e610fd9c7029601163fbf38587ba5bb8925b8edd,DELETE,regular-file,GUI5_1_002/PLRMFinalGS/Units/GSCatchments.pas,89561,
21aee5e401a58db070934320718631ffac3a9391,DELETE,regular-file,GUI5_1_002/Uexport.pas,80406,
08f4cb3c1e2fdeed9f73974f4e13b242908fe06b,DELETE,regular-file,GUI5_1_002/Uimport.pas,94394,
32c3f879457cf9132de2c1f6d396278983775d86,DELETE,regular-file,GUI5_1_002/Xsects.res,82276,
6079de3641d62991a7fe8e664b56285753e673b8,DELETE,regular-file,GUI5_1_002/gdal111.pdb,6581248,
7f22694c955b6c6ecaf7d05907407fdc425ef4bb,DELETE,regular-file,GUI5_1_002/gdal_i.exp,760464,
dc4136834a7887bcffbe1ea0f7e327adb35e0357,DELETE,regular-file,GUI5_1_002/t.txt,529459,